grid_id,lon,lat,LST_2025,LST_2030_pred,Population_per_cell,Temp_Increase
G6190,90.25457806211736,23.998231363254625,33.02119344000002,32.20275864535798,3958.8281868566905,-0.8184347946420374
G1648,90.07987695903005,23.5638108689491,30.68741623277374,31.23341227497544,3958.8281868566905,0.5459960422017005
G1765,90.08453429638858,23.56430915099663,29.935763112990674,31.170182872469216,3958.8281868566905,1.2344197594785413
G0029,90.01052385177599,23.646425332387288,28.61118195451615,30.85807411356233,3958.8281868566905,2.2468921590461797
G7777,90.33023571955547,23.77117469163655,30.461007100000018,30.75749597053578,3958.8281868566905,0.2964888705357609
G1181,90.0622747503409,23.569817505513893,31.003327355000025,30.695061388738072,3958.8281868566905,-0.3082659662619527
G1767,90.0845781706942,23.572698630101645,28.901612926644084,30.61053356583292,3958.8281868566905,1.708920639188836
G11412,90.48140436993448,23.80980162962092,30.671279950809883,30.51097077936113,3958.8281868566905,-0.1603091714487519
G6309,90.25957199120336,24.01046361965841,28.97967640678574,30.4599011423088,3958.8281868566905,1.4802247355230627
G9509,90.40582176861707,23.66866111116164,31.30415868860002,30.44909179946329,3958.8281868566905,-0.8550668891367295
G11295,90.47660540309244,23.80974360036521,30.48059928000002,30.442371718876743,3958.8281868566905,-0.03822756112327852
G9664,90.40732490415068,23.84018576959568,29.77072902500002,30.38343985356872,3958.8281868566905,0.6127108285687015
G7882,90.3362395969022,23.717122741063665,29.98525149653064,30.3706437026613,3958.8281868566905,0.3853922061306605
G7764,90.33143156159498,23.7125268490509,30.60969677840001,30.297939149501047,3958.8281868566905,-0.3117576288989632
G10262,90.4330343145932,23.897148708854296,29.12597987000004,30.23190437227293,3958.8281868566905,1.105924502272888
G1186,90.0597089339033,23.59027904667123,28.0557854401645,30.208427236063237,3958.8281868566905,2.152641795898738
G10325,90.44037452245576,23.65569632032901,31.60443875692309,30.19868867028328,3958.8281868566905,-1.405750086639813
G2075,90.08887849871954,23.9084244319714,27.52452356600001,30.19868867028328,3958.8281868566905,2.6741651042832686
G7765,90.3313397105254,23.71703823936056,30.15023536000002,30.1716475299362,3958.8281868566905,0.021412169936180447
G9974,90.42568057677752,23.65545283908131,32.00731859071188,30.158813612271427,3958.8281868566905,-1.848504978440456
